{
  "confusion_matrix": [
    [326, 10, 39, 0],
    [22, 289, 64, 0],
    [22, 92, 261, 0],
    [31, 163, 181, 0]
  ],
  "accuracy": 0.584,
  "TPR": [0.8693333333333333, 0.7706666666666667, 0.696],
  "TNR": [0.9333333333333333, 0.7644444444444445, 0.7475555555555555]
}
