{
  "confusion_matrix": [
    [418, 14, 43, 0],
    [28, 364, 83, 0],
    [30, 110, 335, 0],
    [5, 32, 38, 0]
  ],
  "accuracy": 0.7446666666666667,
  "TPR": [0.88, 0.7663157894736842, 0.7052631578947368],
  "TNR": [0.9385365853658536, 0.8478048780487805, 0.84]
}
