{"confusion_matrix": [[370, 13, 42, 0], [24, 328, 73, 0], [27, 105, 293, 0], [13, 97, 115, 0]], "accuracy": 0.6606666666666666, "TPR": [0.8705882352941177, 0.7717647058823529, 0.6894117647058824], "TNR": [0.9404651162790698, 0.8, 0.786046511627907]}