{"confusion_matrix": [[603, 40, 174, 183, 0, 0], [0, 0, 0, 0, 0, 0], [0, 0, 0, 0, 0, 0], [23, 18, 26, 933, 0, 0], [58, 26, 826, 90, 0, 0], [40, 735, 103, 122, 0, 0]], "accuracy": 0.384, "TPR": [0.603, NaN, NaN, 0.933, 0.0, 0.0], "TNR": [0.9596666666666667, 0.79525, 0.71775, 0.8683333333333333, 1.0, 1.0]}