{"confusion_matrix": [[603, 40, 174, 183, 0, 0], [0, 0, 0, 0, 0, 0], [0, 0, 0, 0, 0, 0], [36, 14, 24, 926, 0, 0], [58, 26, 826, 90, 0, 0], [40, 735, 103, 122, 0, 0]], "accuracy": 0.38225, "TPR": [0.603, NaN, NaN, 0.926, 0.0, 0.0], "TNR": [0.9553333333333334, 0.79625, 0.71825, 0.8683333333333333, 1.0, 1.0]}