{"confusion_matrix": [[603, 40, 174, 183, 0, 0], [0, 0, 0, 0, 0, 0], [0, 0, 0, 0, 0, 0], [35, 10, 26, 929, 0, 0], [58, 26, 826, 90, 0, 0], [40, 735, 103, 122, 0, 0]], "accuracy": 0.383, "TPR": [0.603, NaN, NaN, 0.929, 0.0, 0.0], "TNR": [0.9556666666666667, 0.79725, 0.71775, 0.8683333333333333, 1.0, 1.0]}