{
  "confusion-matrix": [
    [483, 13, 0, 2],
    [14, 461, 0, 25],
    [1, 20, 475, 4],
    [21, 181, 29, 269]
  ],
  "multilabel-confusion-marix": [
    [
      [1464, 36],
      [15, 483]
    ],
    [
      [1284, 214],
      [39, 461]
    ],
    [
      [1469, 29],
      [25, 475]
    ],
    [
      [1467, 31],
      [231, 269]
    ]
  ],
  "Accuracy": 0.84484,
  "Recall": 0.84497,
  "Precision": 0.86318,
  "F1-Score": 0.83831
}
