{"confusion-matrix": [[483, 13, 0, 2], [14, 461, 0, 25], [1, 20, 475, 4], [22, 196, 31, 251]], "multilabel-confusion-marix": [[[1463, 37], [15, 483]], [[1269, 229], [39, 461]], [[1467, 31], [25, 475]], [[1467, 31], [249, 251]]], "Accuracy": 0.83584, "Recall": 0.83597, "Precision": 0.85644, "F1-Score": 0.8275}