{"confusion-matrix": [[483, 13, 0, 2], [14, 461, 0, 25], [1, 20, 475, 4], [11, 139, 63, 287]], "multilabel-confusion-marix": [[[1474, 26], [15, 483]], [[1326, 172], [39, 461]], [[1435, 63], [25, 475]], [[1467, 31], [213, 287]]], "Accuracy": 0.85385, "Recall": 0.85397, "Precision": 0.86565, "F1-Score": 0.8475}