{"confusion-matrix": [[483, 13, 0, 2], [14, 461, 0, 25], [1, 20, 475, 4], [24, 209, 26, 241]], "multilabel-confusion-marix": [[[1461, 39], [15, 483]], [[1256, 242], [39, 461]], [[1472, 26], [25, 475]], [[1467, 31], [259, 241]]], "Accuracy": 0.83083, "Recall": 0.83097, "Precision": 0.8538, "F1-Score": 0.82172}