{"confusion-matrix": [[483, 13, 0, 2], [14, 461, 0, 25], [1, 20, 475, 4], [4, 118, 90, 288]], "multilabel-confusion-marix": [[[1481, 19], [15, 483]], [[1347, 151], [39, 461]], [[1408, 90], [25, 475]], [[1467, 31], [212, 288]]], "Accuracy": 0.85435, "Recall": 0.85447, "Precision": 0.86474, "F1-Score": 0.84761}