{"confusion-matrix": [[483, 13, 0, 2], [14, 461, 0, 25], [1, 20, 475, 4], [0, 109, 99, 292]], "multilabel-confusion-marix": [[[1485, 15], [15, 483]], [[1356, 142], [39, 461]], [[1399, 99], [25, 475]], [[1467, 31], [208, 292]]], "Accuracy": 0.85636, "Recall": 0.85647, "Precision": 0.86649, "F1-Score": 0.84998}