{"confusion-matrix": [[483, 13, 0, 2], [14, 461, 0, 25], [1, 20, 475, 4], [27, 219, 24, 230]], "multilabel-confusion-marix": [[[1458, 42], [15, 483]], [[1246, 252], [39, 461]], [[1474, 24], [25, 475]], [[1467, 31], [270, 230]]], "Accuracy": 0.82533, "Recall": 0.82547, "Precision": 0.84992, "F1-Score": 0.81495}