{"confusion-matrix": [[483, 13, 0, 2], [14, 461, 0, 25], [1, 20, 475, 4], [15, 153, 47, 285]], "multilabel-confusion-marix": [[[1470, 30], [15, 483]], [[1312, 186], [39, 461]], [[1451, 47], [25, 475]], [[1467, 31], [215, 285]]], "Accuracy": 0.85285, "Recall": 0.85297, "Precision": 0.86648, "F1-Score": 0.84685}