{"confusion-matrix": [[483, 13, 0, 2], [14, 461, 0, 25], [1, 20, 475, 4], [17, 168, 37, 278]], "multilabel-confusion-marix": [[[1468, 32], [15, 483]], [[1297, 201], [39, 461]], [[1461, 37], [25, 475]], [[1467, 31], [222, 278]]], "Accuracy": 0.84935, "Recall": 0.84947, "Precision": 0.86541, "F1-Score": 0.84327}