{"confusion-matrix": [[483, 13, 0, 2], [14, 461, 0, 25], [1, 20, 475, 4], [7, 132, 74, 287]], "multilabel-confusion-marix": [[[1478, 22], [15, 483]], [[1333, 165], [39, 461]], [[1424, 74], [25, 475]], [[1467, 31], [213, 287]]], "Accuracy": 0.85385, "Recall": 0.85397, "Precision": 0.86515, "F1-Score": 0.84732}