{"confusion-matrix": [[446, 9, 4, 39], [4, 462, 1, 33], [34, 15, 447, 4], [13, 133, 58, 296]], "multilabel-confusion-marix": [[[1449, 51], [52, 446]], [[1341, 157], [38, 462]], [[1435, 63], [53, 447]], [[1422, 76], [204, 296]]], "Accuracy": 0.82633, "Recall": 0.8264, "Precision": 0.82898, "F1-Score": 0.82157}