{"Accuracy": 0.33333, "Recall": 0.33333, "Precision": 0.11111, "F1-Score": 0.16667}