{"confusion-matrix": [[446, 9, 4, 39], [4, 462, 1, 33], [34, 15, 447, 4], [10, 136, 32, 322]], "multilabel-confusion-marix": [[[1452, 48], [52, 446]], [[1338, 160], [38, 462]], [[1461, 37], [53, 447]], [[1422, 76], [178, 322]]], "Accuracy": 0.83934, "Recall": 0.8394, "Precision": 0.84455, "F1-Score": 0.8371}