{
  "Accuracy": 0.70867,
  "Recall": 0.70867,
  "Precision": 0.71217,
  "F1-Score": 0.70977
}
