{"confusion-matrix": [[446, 9, 4, 39], [4, 462, 1, 33], [34, 15, 447, 4], [20, 131, 107, 242]], "multilabel-confusion-marix": [[[1442, 58], [52, 446]], [[1343, 155], [38, 462]], [[1386, 112], [53, 447]], [[1422, 76], [258, 242]]], "Accuracy": 0.7993, "Recall": 0.7994, "Precision": 0.79859, "F1-Score": 0.78833}