{"Accuracy": 0.75133, "Recall": 0.75133, "Precision": 0.75067, "F1-Score": 0.75083}