{"confusion-matrix": [[446, 9, 4, 39], [4, 462, 1, 33], [34, 15, 447, 4], [17, 133, 83, 267]], "multilabel-confusion-marix": [[[1445, 55], [52, 446]], [[1341, 157], [38, 462]], [[1410, 88], [53, 447]], [[1422, 76], [233, 267]]], "Accuracy": 0.81181, "Recall": 0.8119, "Precision": 0.81263, "F1-Score": 0.80396}