{"Accuracy": 0.72533, "Recall": 0.72533, "Precision": 0.72628, "F1-Score": 0.72561}